Aiman Malik bin Ridzwan Woo,+601125868682,aimanmalik@gmail.com
Bob Brown,+60114455666,bobbrown@example.com
Charlie Davis,+60115566777,charliedavis@example.com
Ethan Foster,+60117788999,ethanfoster@example.com
Fiona Green,+60118899000,fionagreen@example.com
George Harris,+60119900111,georgeharris@example.com
Hannah Irving,+60120011222,hannahirving@example.com
Ian Jackson,+60121122333,ianjackson@example.com
Jane Smith,+60198765432,janesmith@example.com
John Doe,+60123456789,johndoe@example.com
Julia King,+60122233444,juliaking@example.com
Kevin Lee,+60123344555,kevinlee@example.com
Laura Martin,+60124455666,lauramartin@example.com
Michael Nelson,+60125566777,michaelnelson@example.com
Natalie Owens,+60126677888,natalieowens@example.com
Oliver Parker,+60127788999,oliverparker@example.com
Paula Quinn,+60128899000,paulaquinn@example.com
Quincy Roberts,+60129900111,quincyroberts@example.com
Rachel Scott,+60130011222,rachelscott@example.com
